<ProductPackage Name="Integration-2020-3-17-13-27" xmlns="clr-namespace:Cdiscount.Service.ProductIntegration.Pivot;assembly=Cdiscount.Service.ProductIntegration" xmlns:x="http://schemas.microsoft.com/winfx/2006/xaml">
	<ProductPackage.Products>
		<ProductCollection Capacity="3">
			<!-- Minimum required attribute variant product
		<Product SellerProductId="Ref-seller-variant-M" BrandName="Brand" ProductKind="Variant" CategoryCode="CategoryCode" ShortLabel="Max 30 characters and in coherence with the category" LongLabel="Max 132 characters in coherence with the category" Description="Max 420 characters" SellerProductFamily="Ref-seller-variant" Size="Use size authorized like M,L,XL - 40,42,44 you can see size in the GetModelList method" SellerProductColorName="Color" Model="SOUMISSION CREATION PRODUITS_MK"> -->

			<!-- Minimum required attribute standard product 
		<Product SellerProductId="Ref-seller-Standard" BrandName="Brand" ProductKind="Standard" CategoryCode="CategoryCode" ShortLabel="Max 30 characters and in coherence with the category" LongLabel="Max 132 characters in coherence with the category" Description="Max 420 characters" Model="SOUMISSION CREATION PRODUITS_MK"> -->
        
            
			<Product BrandName="Aucune" CategoryCode="190S0101"             Description="De à smoothie en plastique transparent avec couvercles et pailles plat. Nous aussi bien ces avec couvercles qui sont disponibles sur Amazon.Gobelets en plastique jetables Transparent<br>Fabriqués à partir de PET recyclable<br>à<br>Couvercle plat et large alésage pailles transparentes<br>Pour boissons froides et smoothies<br>" LongLabel="Gravitational Collapse of Stars & A Universe Dominated by Dark E" Model="SOUMISSION CREATION PRODUIT_MK"             Navigation="EPICERIE" ProductKind="Standard" SellerProductId="9783330022089"             ShortLabel="Gravitational Collapse of Stars & A Universe Dominated by Dark E">
				<Product.EanList>
					<ProductEan Ean="9783330022089"/>
				</Product.EanList>
				<Product.ModelProperties>
                    <x:String x:Key="type">ABIS BOOK</x:String>
                    <x:String x:Key="brand">Starlight Packaging</x:String>
                    <x:String x:Key="Height">14 cm</x:String>
                    <x:String x:Key="Length">220 cm</x:String>
                    <x:String x:Key="Width">150 cm</x:String>
                    <x:String x:Key="Weight">0.40 kg</x:String>
				</Product.ModelProperties>
				<Product.Pictures>
                                    <ProductImage Uri="https://database.ubital.com/database2cdiscount/converter/cache/imgs/51-xMRnTg8L.jpg" />
				</Product.Pictures>
			</Product>
        
        
		</ProductCollection>
	</ProductPackage.Products>
</ProductPackage>
