﻿<ProductPackage Name="Integartion-produit-cdis2" xmlns="clr-namespace:Cdiscount.Service.ProductIntegration.Pivot;assembly=Cdiscount.Service.ProductIntegration" xmlns:x="http://schemas.microsoft.com/winfx/2006/xaml">
	<ProductPackage.Products>
		<ProductCollection Capacity="3">
			<!-- Minimum required attribute variant product
		<Product SellerProductId="Ref-seller-variant-M" BrandName="Brand" ProductKind="Variant" CategoryCode="CategoryCode" ShortLabel="Max 30 characters and in coherence with the category" LongLabel="Max 132 characters in coherence with the category" Description="Max 420 characters" SellerProductFamily="Ref-seller-variant" Size="Use size authorized like M,L,XL - 40,42,44 you can see size in the GetModelList method" SellerProductColorName="Color" Model="SOUMISSION CREATION PRODUITS_MK"> -->

			<!-- Product variants -->
			<Product SellerProductId="Ref-seller-variant-L" BrandName="AUCUNE" ProductKind="Variant" CategoryCode="100A0301" ShortLabel="T-Shirt Gris de Brand" LongLabel="T-Shirt Gris marque Brand en coton resistant" Description="T-SHIRT 100% Coton - Custom Fit - Authentique marque Brand" SellerProductFamily="Ref-seller-variant" Size="L" SellerProductColorName="Gris" Model="SOUMISSION CREATION PRODUITS_MK" Navigation="VETEMENTS - LINGERIE / T-SHIRT - DEBARDEUR / T-SHIRT / T-SHIRT">
				<Product.EanList>
					<ProductEan Ean=""/>
				</Product.EanList>
				<Product.ModelProperties>
					<!-- You can see the mandatory properties with the GetModelList method -->
					<x:String x:Key="Genre">Homme</x:String>
					<x:String x:Key="Type de public">Adulte</x:String>
				</Product.ModelProperties>
				<Product.Pictures>
					<!-- 1 mandatory image, 4 maximum attention to respect the weight, size and content -->
					<ProductImage Uri="https://dev.cdiscount.com/marketplace/wp-content/uploads/canape.jpg"/>
				</Product.Pictures>
			</Product>
			<Product SellerProductId="Ref-seller-variant-M" BrandName="AUCUNE" ProductKind="Variant" CategoryCode="100A0401" ShortLabel="Polo Brand Shirt Short Sleeve" LongLabel="Polo Brand Shirt Short Sleeve" Description="Polo 100% Coton - 30 Degrés - Regular Fit - Expédition rapide - 7/24 Assistance clientèle" SellerProductFamily="Ref-seller-variant" Size="M" SellerProductColorName="Bleu" Model="SOUMISSION CREATION PRODUITS_MK" Navigation="VETEMENTS - LINGERIE / T-SHIRT - DEBARDEUR / POLO / POLO">
				<Product.EanList>
					<ProductEan Ean=""/>
				</Product.EanList>
				<Product.ModelProperties>
					<x:String x:Key="Couleur principale">Bleu</x:String>
					<x:String x:Key="Genre">Homme</x:String>
					<x:String x:Key="Type de public">Adulte</x:String>
				</Product.ModelProperties>
				<Product.Pictures>
					<ProductImage Uri="https://dev.cdiscount.com/marketplace/wp-content/uploads/canape.jpg"/>
				</Product.Pictures>
			</Product>
			<!-- Product Standard -->

			<!-- Minimum required attribute standard product 
		<Product SellerProductId="Ref-seller-Standard" BrandName="Brand" ProductKind="Standard" CategoryCode="CategoryCode" ShortLabel="Max 30 characters and in coherence with the category" LongLabel="Max 132 characters in coherence with the category" Description="Max 420 characters" Model="SOUMISSION CREATION PRODUITS_MK"> -->

			<Product BrandName="AUCUNE" CategoryCode="0Z010701" Description="Ce Bracelet brand est en Argent 925/1000" LongLabel="Bracelet brand en Argent 925/1000" Model="SOUMISSION CREATION PRODUITS_MK" Navigation="Bracelet" ProductKind="Standard" SellerProductId="166289216" ShortLabel="Bracelet brand en Argent 925/1000">
				<Product.EanList>
					<ProductEan Ean=""/>
				</Product.EanList>
				<Product.ModelProperties>
				</Product.ModelProperties>
				<Product.Pictures>
					<!-- 1 mandatory image, 4 maximum attention to respect the weight, size and content -->
					<ProductImage Uri="https://dev.cdiscount.com/marketplace/wp-content/uploads/canape.jpg" />
				</Product.Pictures>
			</Product>
		</ProductCollection>
	</ProductPackage.Products>
</ProductPackage>