<ProductPackage Name="Integration-2020-5-16-0-41" xmlns="clr-namespace:Cdiscount.Service.ProductIntegration.Pivot;assembly=Cdiscount.Service.ProductIntegration" xmlns:x="http://schemas.microsoft.com/winfx/2006/xaml">
	<ProductPackage.Products>
		<ProductCollection Capacity="3">
			<!-- Minimum required attribute variant product
		<Product SellerProductId="Ref-seller-variant-M" BrandName="Brand" ProductKind="Variant" CategoryCode="CategoryCode" ShortLabel="Max 30 characters and in coherence with the category" LongLabel="Max 132 characters in coherence with the category" Description="Max 420 characters" SellerProductFamily="Ref-seller-variant" Size="Use size authorized like M,L,XL - 40,42,44 you can see size in the GetModelList method" SellerProductColorName="Color" Model="SOUMISSION CREATION PRODUITS_MK"> -->

			<!-- Minimum required attribute standard product 
		<Product SellerProductId="Ref-seller-Standard" BrandName="Brand" ProductKind="Standard" CategoryCode="CategoryCode" ShortLabel="Max 30 characters and in coherence with the category" LongLabel="Max 132 characters in coherence with the category" Description="Max 420 characters" Model="SOUMISSION CREATION PRODUITS_MK"> -->
        
            
			<Product BrandName="Aucune" CategoryCode="190S0101"             Description="Mapa y guía excursionista 1:25000 Serralada de Marina." LongLabel="Serralada de Marina 2015" Model="SOUMISSION CREATION PRODUIT_MK"             Navigation="EPICERIE" ProductKind="Standard" SellerProductId="9788480905183"             ShortLabel="<api_models.Category object at 0x7f6e1c549760>">
				<Product.EanList>
					<ProductEan Ean="9788480905183"/>
				</Product.EanList>
            
				<Product.Pictures>
                    <ProductImage Uri="https://database.ubital.com/database2cdiscount/converter/cache/imgs/71M1zroptoL.jpg" />
<ProductImage Uri="https://database.ubital.com/database2cdiscount/converter/cache/imgs/81o9oD959WL.jpg" />
				</Product.Pictures>
			</Product>
        
        
		</ProductCollection>
	</ProductPackage.Products>
</ProductPackage>